ligne_source,code_demande,type_code_demande,libelle_demande,cours_eau_demande,producteur_demande,code_site,code_station,libelle_station,cours_eau_station,en_service,stations_du_site,stations_avec_debit,date_debut_instantane,date_fin_instantane,jours_avec_donnees,concordance_libelle,choix,alerte
2,V102002002,station,Le_Rhone_a_Surjoux_Bognes_CNR,Rhone,CNR,V1020020,V102002001,Le Rhône à Surjoux,Le Rhône,True,V102002001;V102002002,V102002001:10062,1999-01-01,2026-09-21,10062,0.766,"station fournie sans débit, remplacée par une soeur du site",station demandée remplacée
3,V1440020,site,La_derivation_de_Belley_a_Brens,Rhone,CNR,V1440020,V144002002,La dérivation de Belley à Brens - DREAL,Dérivation de Belley,True,V144002001;V144002002;V144002003,V144002002:2647,2006-02-17,2026-07-01,2647,0.912,seule station du site à porter du débit,
4,Y2574040,site,L_Orb_a_Cessenon_sur_Orb_[Base_canoe_de_Reals],Orb,,Y2574040,Y257404001,L'Orb à Cessenon-sur-Orb [Base canoé de Réals] - Base canoé,L'Orb,True,Y257404001,Y257404001:4566,2013-09-24,2026-09-21,4566,0.889,seule station du site à porter du débit,
5,W0500004,site,L_Isere_a_Grignon_[Pont_d_Albertin],Isere,,W0500004,W050000401,L'Isère à Grignon [Pont d'Albertin],L'Isère,True,W050000401,W050000401:3067,2015-06-13,2026-09-21,3067,1.0,seule station du site à porter du débit,
6,V2942010,site,L_Ain_a_Chazey_d_Ain,Ain,DREAL_Rhone_Alpes,V2942010,V294201001,L'Ain à Chazey-sur-Ain,L'Ain,True,V294201001,V294201001:24736,1959-01-01,2026-09-21,24736,0.905,seule station du site à porter du débit,
7,V2712010,site,L_Ain_a_Pont_d_Ain,Ain,DREAL_Rhone_Alpes,V2712010,V271201001,L'Ain à Pont-d'Ain,L'Ain,True,V271201001,V271201001:16699,1981-01-01,2026-09-20,16699,1.0,seule station du site à porter du débit,
8,W1074030,site,L_Arc_a_Aiguebelle,Arc,DREAL_Rhone_Alpes,W1074030,W107403001,L'Arc à Aiguebelle,L'Arc,True,W107403001;W107403002;W107403003,W107403001:3264;W107403003:1886,2011-06-02,2026-09-14,3264,1.0,"plusieurs stations du site portent du débit, retenue par son libellé",HydroPortail ne connaît pas W107403002 ; plusieurs stations du site portent du débit
9,W1030003,site,L_Arc_a_Saint_Michel_de_Maurienne_[La_Saussaz],Arc,EDF,W1030003,,,,,W103000301,,,,,,aucune station du site ne porte de débit instantané,aucune station retenue
10,W1020001,site,L_Arc_a_Villarodin_Bourget_[Pont_de_St_Gobain],Arc,DREAL_Rhone_Alpes,W1020001,W102000102,L'Arc à Villarodin-Bourget [Pont de St-Gobain] - DREAL,L'Arc,True,W102000102,W102000102:2886,2015-06-15,2026-09-10,2886,0.936,seule station du site à porter du débit,
11,V5014040,site,L_Ardeche_a_Pont_de_Labeaume,Ardeche,SPC_Grand_Delta,V5014040,V501404001,L'Ardèche à Pont-de-Labeaume,L'Ardèche,True,V501404001;V501404002,V501404001:13293;V501404002:2727,1989-01-01,2026-09-21,13293,1.0,"plusieurs stations du site portent du débit, retenue par son libellé",plusieurs stations du site portent du débit
12,W0430001,site,L_Arly_a_Pallud_[Venthon],Arly,DREAL_Rhone_Alpes,W0430001,W043000101,L'Arly à Pallud [Pont de Venthon],L'Arly,True,W043000101,W043000101:3614,2012-06-22,2026-09-16,3614,0.852,seule station du site à porter du débit,
13,V0220002,site,L_Arve_a_Reignier_Esery_[Arthaz],Arve,EDF,V0220002,V022000201,L'Arve à Reignier-Ésery [Arthaz] - EDF,L'Arve,True,V022000201;V022000202,V022000201:605;V022000202:143,2025-01-25,2026-09-21,605,0.938,"plusieurs stations du site portent du débit, retenue par son libellé",plusieurs stations du site portent du débit
14,V0032010,site,L_Arve_a_Sallanches,Arve,DREAL_Rhone_Alpes,V0032010,V003201001,L'Arve à Sallanches,L'Arve,True,V003201001,V003201001:12330,1980-01-01,2026-09-09,12330,1.0,seule station du site à porter du débit,
15,Y1112010,site,L_Aude_a_Belvianes_et_Cavirac,Aude,DREAL_Languedoc_Rousillon,Y1112010,Y111201001,L'Aude à Belvianes-et-Cavirac,L'Aude,True,Y111201001;Y111201002,Y111201001:13732;Y111201002:7825,1988-09-16,2026-09-21,13732,1.0,"plusieurs stations du site portent du débit, retenue par son libellé",plusieurs stations du site portent du débit
16,W2750002,site,L_Eau_d_Olle_a_Allemond_[La_Pernière],Eau d'Olle,EDF,W2750002,,,,,W275000201,,,,,,aucune station du site ne porte de débit instantané,aucune station retenue
17,W1410010,site,L_Isere_á_Grenoble_[Bastille],Isere,DREAL_Rhone_Alpes,W1410010,W141001001,L'Isère à Grenoble [Bastille],L'Isère,True,W141001001,W141001001:14950,1980-01-01,2026-09-21,14950,1.0,seule station du site à porter du débit,
18,W0110011,site,L_Isere_a_Albertville_[Conflans],Isere,DREAL_Rhone_Alpes,W0110011,W011001101,L'Isère à Albertville [Conflans],L'Isère,True,W011001101,W011001101:4829,2013-06-02,2026-09-21,4829,1.0,seule station du site à porter du débit,
19,W0100001,site,L_Isere_a_Landry,Isere,DREAL_Rhone_Alpes,W0100001,W010000101,L'Isère à Landry,L'Isère,True,W010000101,W010000101:4187,2015-04-03,2026-09-21,4187,1.0,seule station du site à porter du débit,
20,W1110010,site,L_Isere_a_Montmelian,Isere,DREAL_Rhone_Alpes,W1110010,W111001001,L'Isère à Montmélian - Limnimètre,L'Isère,True,W111001001;W111001002;W111001003,W111001001:10077;W111001002:2481,1988-01-08,2015-08-18,10077,0.784,"plusieurs stations du site portent du débit, retenue par son libellé",HydroPortail ne connaît pas W111001003 ; plusieurs stations du site portent du débit
21,W0020001,site,L_Isere_a_Seez_[Malgovert],Isere,DREAL_Rhone_Alpes,W0020001,W002000102,L'Isère à Séez [Malgovert] - DREAL,L'Isère,True,W002000102,W002000102:2209,2015-06-15,2026-09-09,2209,0.889,seule station du site à porter du débit,
22,Y2550010,site,L_Orb_a_Vieussan_[Vieussan_aval],Orb,DREAL_Languedoc_Rousillon,Y2550010,Y255001002,L'Orb à Vieussan - Aval,L'Orb,True,Y255001002,Y255001002:16637,1981-01-01,2026-09-21,16637,0.824,seule station du site à porter du débit,
23,W3340001,site,La_Bourne_a_Saint_Just_de_Claix_[Pont_de_Manne],Bourne,EDF,W3340001,W334000102,La Bourne à Saint-Just-de-Claix [Pont de Manne] - DREAL,La Bourne,True,W334000101;W334000102,W334000101:64;W334000102:3241,2003-01-01,2026-05-13,3241,0.938,"arbitré à la main : la station EDF demandée ne publie que 64 jours d'instantané ; celle de la DREAL en publie 3 241, continus de 2003 à 2020, et c'est la donnée qui prime sur l'exploitant",
24,W1144020,site,La_Breda_a_Pontcharra,Bréda,DREAL_Rhone_Alpes,W1144020,W114402001,Le Bréda à Pontcharra,Le Bréda,True,W114402001,W114402001:5979,2009-01-15,2026-09-21,5979,0.952,seule station du site à porter du débit,
25,V0334010,site,La_Dranse_a_Reyvroz_[Bioge],Dranse,DREAL_Rhone_Alpes,V0334010,V033401001,La Dranse à Reyvroz [Bioge],La Dranse,True,V033401001,V033401001:14815,1977-01-01,2026-09-21,14815,1.0,seule station du site à porter du débit,
26,X350001001,station,La_Durance_a_Caumont_sur_Durance_[Bonpas],Durance,SPC_Grand_Delta,X3500010,X350001001,La Durance à Caumont-sur-Durance [Bonpas] - Barrage,La Durance,True,X350001001;X350001002;X350001004,X350001001:4221,2010-01-01,2026-09-21,4221,0.907,"code de station fourni, il porte du débit",
27,X0310010,site,La_Durance_a_Embrun_[La_Clapière],Durance,DREAL_PACA,X0310010,X031001001,La Durance à Embrun [La Clapière],La Durance,True,X031001001;X031001002,X031001001:5691;X031001002:582,2010-04-03,2026-09-20,5691,1.0,"plusieurs stations du site portent du débit, retenue par son libellé",plusieurs stations du site portent du débit
28,X0130010,site,La_Durance_a_l_Argentière_la_Bessée,Durance,DREAL_PACA,X0130010,X013001001,La Durance à l'Argentière-la-Bessée,La Durance,True,X013001001,X013001001:13095,1985-01-01,2026-08-28,13095,1.0,seule station du site à porter du débit,
29,W2767211,site,La_Romanche_a_Livet_et_Gavet_[Champeau],Romanche,EDF,W2767211,,,,,W276721101;W276721102,,,,,,"aucune station sondable du site ne porte de débit, une autre est refusée par le service",HydroPortail ne sert pas W276721102 ; aucune station retenue
30,Y6620003,site,La_Roya_a_Breil_sur_Roya,Roya,EDF,Y6620003,Y662000301,La Roya à Breil-sur-Roya - EDF,La Roya,True,Y662000301,Y662000301:542,2025-02-17,2026-09-21,542,0.923,seule station du site à porter du débit,
31,Y5534030,site,La_Siagne_a_Pégomas,Siagne,DREAL_PACA,Y5534030,Y553403001,"La Siagne à Pégomas - Parc ""Berges de Cabrol""",La Siagne,True,Y553403001;Y553403002,Y553403001:19932;Y553403002:224,1970-12-02,2026-09-21,19932,0.633,"arbitré à la main : la station de remplacement n'a ouvert qu'en septembre 2025 et ne porte que 224 jours ; la chronique longue, 1970 à 2026, compte davantage pour l'étude",
32,Y0404010,site,La_Tet_a_Mont_Louis,Tet,DREAL_Languedoc_Roussillon,Y0404010,Y040401001,La Têt à Mont-Louis,La Têt,True,Y040401001,Y040401001:14762,1983-09-24,2026-09-21,14762,1.0,seule station du site à porter du débit,
33,Y6334040,site,La_Vesubie_a_Utelle_[Pont_du_Cros],Vesubie,DREAL_PACA,Y6334040,Y633404001,La Vésubie à Utelle [Pont du Cros],La Vésubie,True,Y633404001,Y633404001:5108,2010-10-08,2026-09-21,5108,1.0,seule station du site à porter du débit,
34,Y123201001,station,L_Aude_a_Carcassonne_[Pont Vieux],Aude,DREAL Languedoc-Roussillon,Y1232010,Y123201001,L'Aude à Carcassonne - Pont-Vieux,L'Aude,True,Y123201001;Y123201002,Y123201001:8085;Y123201002:14043,2003-12-05,2026-09-21,8085,1.0,"code de station fourni, il porte du débit",plusieurs stations du site portent du débit
35,Y1152010,site,L_Aude_a_Limoux_[Pont de Fer],Aude,DREAL Languedoc-Roussillon,Y1152010,Y115201001,L'Aude à Limoux [Pont de Fer],L'Aude,True,Y115201001,Y115201001:3644,2002-11-30,2026-06-20,3644,1.0,seule station du site à porter du débit,
36,V5045030,site,Le_Chassezac_a_Gravieres,Chassezac,SPC_Grand_Delta,V5045030,V504503001,Le Chassezac à Gravières - Les Salelles,Le Chassezac,True,V504503001;V504503002,V504503001:4660;V504503002:1919,1992-09-22,2026-03-15,4660,0.787,"plusieurs stations du site portent du débit, retenue par son libellé",plusieurs stations du site portent du débit
37,U2112010,site,Le_Doubs_a_Fournet_Blancherotte_[La_Rasse],Doubs,DREAL_Franche_Comte,U2112010,U211201001,Le Doubs à Fournet-Blancheroche [La Rasse] - La Rasse,Le Doubs,True,U211201001,U211201001:12346,1992-01-24,2026-09-21,12346,0.854,seule station du site à porter du débit,
38,U2122010,site,Le_Doubs_a_Goumois,Doubs,DREAL_Franche_Comte,U2122010,U212201001,Le Doubs à Goumois,Le Doubs,True,U212201001,U212201001:16684,1980-12-31,2026-09-21,16684,1.0,seule station du site à porter du débit,
39,U2222010,site,Le_Doubs_a_Mathay,Doubs,DREAL_Franche_Comte,U2222010,U222201001,Le Doubs à Mathay,Le Doubs,True,U222201001,U222201001:18089,1975-09-20,2026-09-21,18089,1.0,seule station du site à porter du débit,
40,W2832011,site,Le_Drac_a_Fontaine,Drac,EDF,W2832011,W283201101,Le Drac à Fontaine - EDF,Le Drac,True,W283201101;W283201102,W283201101:293,2025-01-25,2026-02-19,293,0.9,seule station du site à porter du débit,HydroPortail ne sert pas W283201102
41,Y7210001,site,Le_Golo_a_Volpajola_[Barchetta],Golo,DEAL_Corse,Y7210001,Y721000101,Le Golo à Volpajola - Barchetta,Le Golo,True,Y721000101;Y721000102,Y721000101:15705,1981-01-01,2026-09-21,15705,1.0,seule station du site à porter du débit,
42,Y254002001,station,Le_Jaur_a_Olargues_[amont],Jaur + Ru bureau,DREAL_Languedoc_Rousillon,Y2540020,Y254002001,Le Jaur à Olargues - Amont,Le Jaur,True,Y254002001;Y254002002;Y254002003;Y254002004,Y254002001:14604;Y254002002:1616;Y254002004:1790,1985-01-01,2026-09-21,14604,1.0,"code de station fourni, il porte du débit",plusieurs stations du site portent du débit
43,V3030020,site,Le_Rhone_a_Ternay,Rhone,,V3030020,V303002002,Le Rhône à Ternay - DREAL Rhône Alpes,Le Rhône,True,V303002001;V303002002,V303002002:586,2004-01-13,2026-02-27,586,0.654,seule station du site à porter du débit,
44,X2811210,site,Le_Verdon_a_Vinon_sur_Verdon_[aval_canal_EDF],Verdon,SPC_Grand_Delta,X2811210,X281121002,Le Verdon à Vinon-sur-Verdon [aval canal EDF],Le Verdon,True,X281121001;X281121002,X281121001:7074;X281121002:2142,2020-09-19,2026-07-31,2142,1.0,"arbitré à la main : le producteur déclare douteuses toutes les hauteurs de X281121001, capteur sous le pont routier, et a installé celle-ci 20 m en amont en septembre 2020 pour cette raison",
45,Y0444010,site,La_Tet_a_Marquixanes,Tet,,Y0444010,Y044401001,La Têt à Marquixanes,La Têt,True,Y044401001,Y044401001:16830,1980-01-23,2026-09-21,16830,1.0,seule station du site à porter du débit,
46,V1260020,site,Le_Rhone_a_Ruffieux[Pont_de_la_Loi],Rhone,CNR,V1260020,,,,,V126002001,,,,,,HydroPortail ne sert aucune station de ce site,HydroPortail ne sert pas V126002001 ; aucune station retenue
47,V163002001,station,Le_Rhone_a_Lagnieu_Station_partenaire_CNR,Rhone,CNR,V1630020,V163002002,Le Rhône à Lagnieu - DREAL Rhône-Alpes,Le Rhône,True,V163002001;V163002002;V163002003,V163002002:2111,2020-11-20,2026-09-21,2111,0.623,"station fournie sans débit, remplacée par une soeur du site",station demandée remplacée
48,V300002001,station,Le_Rhone_a_Lyon_Pont_Morand,Rhone,,V3000020,V300002002,Le Rhône à Lyon - Perrache-CNR,Le Rhône,True,V300002001;V300002002;V300002003;V300002004,V300002002:2534,2019-10-15,2026-09-21,2534,0.727,"station fournie sans débit, remplacée par une soeur du site",HydroPortail ne sert pas V300002001 ; station demandée remplacée
49,V1130001,site,Le_Rhone_a_Corbonod_et_a_Seyssel,Rhone,CNR,V1130001,V113000102,Le Rhône à Corbonod - DREAL,Le Rhône,True,V113000101;V113000102,V113000102:2604,2019-08-06,2026-09-21,2604,0.807,seule station du site à porter du débit,
50,V5064010,site,L_Ardeche_a_Saint_Martin_d_Ardeche_[Sauze],Ardeche,,V5064010,V506401001,L'Ardèche à Saint-Martin-d'Ardèche [Sauze],L'Ardèche,True,V506401001;V506401002,V506401001:16579;V506401002:7917,1980-01-01,2026-09-21,16579,1.0,"plusieurs stations du site portent du débit, retenue par son libellé",plusieurs stations du site portent du débit
51,V5014030,site,L_Ardeche_a_Ucel,Ardeche,,V5014030,V501403001,L'Ardèche à Ucel,L'Ardèche,True,V501403001,V501403001:10415,1901-03-18,2026-09-21,10415,1.0,seule station du site à porter du débit,
52,V5014010,site,L_Ardeche_a_Vogue,Ardeche,,V5014010,V501401001,L'Ardèche à Vogüé,L'Ardèche,True,V501401001;V501401002,V501401001:16855;V501401002:19471,1980-01-01,2026-09-21,16855,1.0,"plusieurs stations du site portent du débit, retenue par son libellé",plusieurs stations du site portent du débit
